Abel Guilhermino da Silva Filho,UFPE,90/4151
Adenauer Yamin,UFPEL,y/AdenauerCYamin
Adenilso Simao,ICMC/USP,24/261
Adenilton da Silva,UFPE,03/8672
Adiel Almeida Filho,UFPE,51/8647
Adilson Elias Xavier,COPPE/UFRJ,72/8017
Adriana Soares Pereira,UFSM,21/2286
Adriane Serapiao,UNESP,96/4642
Adriano Oliveira,UFPE,80/3742
Adriano Pereira,UFMG,73/6430
Adriano Veloso,UFMG,12/919
Adriao Duarte Doria Neto,UFRN,47/1020
Afonso Paiva,ICMC/USP,18/4238
Agma Traina,ICMC/USP,t/AgmaJMTraina
Alana Da Gama,UFPE,07/11234
Alba Melo,UnB,m/AlbaCMAMelo
Alberto Castro,UFAM,61/2142
Alberto Ferreira De Souza,UFES,82/3659
Alberto Laender,UFMG,l/AHFLaender
Alberto Raposo,PUC-Rio,r/AlbertoBarbosaRaposo
Alberto Schaeffer Filho,UFRGS,89/1649
Alceu Souza Britto,PUC/PR,98/5101
Aldri dos Santos,UFPR,85/7266
Aleardo Manacero,UNESP,27/7381
Alejandro Frery,UFAL,f/ACFrery
Alessandra Alaniz Macedo,FFCLRP/USP,m/AlessandraAMacedo
Alessandra Paulino,UERJ,28/10197
Alessandro Garcia,PUC-Rio,g/AlessandroFGarcia
Alessandro Vivas,UFVJM,135/1037
Aleteia de Araujo,UnB,38/2179
Alex Garcia,IME/RJ,149/2580
Alex Sandro Gomes,UFPE,43/5447
Alex Vieira,UFJF,02/4387
Alexander Robert Kutzke,UFPR,75/9680
Alexandre Correa,UNIRIO,29/79
Alexandre Delbem,ICMC/USP,92/3940
Alexandre Falcao,UNICAMP,f/AlexandreXFalcao
Alexandre Mota,UFPE,m/AlexandreMota
Alexandre Noma,UFABC,62/6454
Alexandre Plastino,UFF,54/401
Alexandre Salles da Cunha,UFMG,18/1842
Alexandre Sena,UERJ,73/1177
Alexandre Sztajnberg,UERJ,92/4374
Alexandre Vasconcelos,UFPE,71/4614
Alexandro Baldassin,UNESP,22/3545
Alfredo Goldman,IME/USP,g/AlfredoGoldman
Aline Andrade,UFBA,50/915
Aline Nascimento,UFF,50/3811
Aline Paes,UFF,95/4928
Aline Villavicencio,UFRGS,v/AlineVillavicencio
Alisson Vasconcelos de Brito,UFPB,35/5746
Allan Freitas,IFBA,132/4785
Almerindo Rehem Neto,UFBA,44/4401
Alneu de Andrade Lopes,ICMC/USP,60/5946
Altair Olivo Santin,PUC-PR,38/5417
Altigran Silva,UFAM,s/ASdaSilva
Aluizio Araujo,UFPE,a/AFRAraujo
Alvaro Fazenda,UNIFESP,08/2528
Alvaro Moreira,UFRGS,50/3403
Amanda Meincke Melo,UFPAMPA,94/4531
Ana Bazzan,UFRGS,b/AnaLCBazzan
Ana Carolina Lorena,UNIFESP,97/2733
Ana Carolina Salgado,UFPE,23/6139
Ana Cristina Bicharra Garcia,UNIRIO,45/6671
Ana Cristina Vendramin,UTFPR,96/9459
Ana Paula Couto da Silva,UFMG,47/2795
Ana Regina Rocha,COPPE/UFRJ,r/AnaReginaRocha
Ana Teresa Martins,UFC,59/1719
Ana de Melo,IME/USP,55/6056
Anamaria Moreira,DCC/UFRJ,17/3197
Anarosa Brandao,POLI/USP,68/870
Anderson Almeida Ferreira,UFOP,76/5325
Anderson Maciel,UFRGS,72/4175
Anderson Rocha,UNICAMP,81/2446
Andre Backes,UFU,72/1363
Andre Coelho,UNIFOR,c/AndreLVCoelho
Andre Drummond,UnB,72/6853
Andre Freire,UFLA,32/6218
Andre Fujita,IME/USP,77/7012
Andre Gregio,UFPR,115/4570
Andre Hora,UFMG,54/7440
Andre Inacio Reis,UFRGS,29/1197
Andre Kashiwabara,UTFPR,155/2609
Andre Luiz Lins de Aquino,UFAL,13/5158
Andre Maidl,PUC-PR,98/1959
Andre Ponce de Leon Carvalho,ICMC/USP,c/ACPLFdCarvalho
Andre Raabe,UNIVALI,85/2030
Andre Rauber du Bois,UFPEL,21/3472
Andre Renato Villela da Silva,UFF,67/7433
Andre Rossi,UNESP,86/4146
Andre Santanche,UNICAMP,72/3424
Andre Santos,UFPE,s/AndreSantos
Andre Schneider de Oliveira,UTFPR,160/1451
Andreia Liborio,UFC,202/2797
Andreia Malucelli,PUC-PR,82/191
Andrey Brito,UFCG,25/4955
Andrey Pimentel,UFPR,70/2041
Anelise Kologeski,IFRS,45/8745
Anelise Munaretto,UTFPR,09/2276
Angelo Brayner,UNIFOR,b/AngeloBrayner
Anisio Lacerda,UFMG,90/844
Anjolina Oliveira,UFPE,86/2344
Anna Costa,POLI/USP,r/AnnaHelenaRealiCosta
Anne Canuto,UFRN,c/AnneMPCanuto
Anselmo Cardoso de Paiva,UFMA,p/AnselmoCardosodePaiva
Anselmo Montenegro,UFF,21/6489
Antonio Abelem,UFPA,16/7815
Antonio Alfredo Ferreira Loureiro,UFMG,l/AntonioAlfredoFerreiraLoureiro
Antonio Apolinario,UFBA,117/8406
Antonio Augusto Medeiros Frohlich,UFSC,43/6521
Antonio Carlos Schneider Beck,UFRGS,02/7021
Antonio Carlos da Rocha Costa,UFRGS,36/5618
Antonio Furtado,PUC-Rio,f/AntonioLFurtado
Antonio Miguel Vieira Monteiro,INPE,58/3439
Antonio Rocha,UFF,209/2422
Antonio Sementille,UNESP,86/1502
Antonio Tadeu Gomes,LNCC,96/1748
Antonio de Oliveira,COPPE/UFRJ,o/AntonioAFOliveira
Aparecido Marana,UNESP,36/1416
Ariadne Carvalho,UNICAMP,05/4617
Arilo Dias Neto,UFAM,27/11253
Arnaldo Araujo,UFMG,a/ArnaldodeAlbuquerqueAraujo
Arnaldo Moura,UNICAMP,61/669
Arndt von Staa,PUC-Rio,58/3312
Artur Ziviani,LNCC,47/772
Arturo Hernandez-Dominguez,UFAL,95/3261
Asla Medeiros,FGV,33/5048
Augusto Jose Venancio Neto,UFRN,88/6376
Augusto Sampaio,UFPE,s/AugustoSampaio
Auri Vincenzi,UFSCar,05/4141
Aurora Pozo,UFPR,p/AuroraPozo
Avelino Zorzo,PUC-RS,z/AvelinoFZorzo
Ayla Dantas,UFPB,46/536
Baldoino Fonseca,UFAL,22/7095
Benjamin Bedregal,UFRN,32/3731
Bernadette Loscio,UFPE,51/6689
Bernardo Pereira Nunes,PUC-Rio,08/10894
Berthier Ribeiro,UFMG,r/BerthierARibeiroNeto
Bianchi Meiguins,UFPA,30/3961
Breno Bernard Nicolau de Franca,UNICAMP,122/4837
Bruno Cafeo,UFMS,46/10082
Bruno Cartaxo,IFPE,144/8274
Bruno Carvalho,UFRN,92/5191
Bruno Castro da Silva,UFRGS,75/3139
Bruno Feijo,PUC-Rio,36/3530
Bruno Gadelha,UFAM,77/7361
Bruno Kimura,UNIFESP,36/804
Bruno Luiggi Macchiavello Espinoza,UNB,55/2932
Bruno Nogueira,UFMS,73/991
Bruno Queiroz Pinto,IFTM,225/5123
Bruno Santana,UFRN,85/4056
Bruno Schulze,LNCC,27/729
Bruno Souza,UFMA,60/29
Bruno Travencolo,UFU,63/5088
Bruno Zatt,UFPEL,33/2753
Caetano Traina,ICMC/USP,t/CaetanoTrainaJr
Calebe Bianchini,Mackenzie,79/4925
Carina Dorneles,UFSC,74/2312
Carina Frota Alves,UFPE,93/9961
Carla Berkenbrock,UDESC,62/1318
Carla Delgado,DCC/UFRJ,73/6931
Carla Freitas,UFRGS,f/CarlaMDSFreitas
Carla Leitao,PUC-Rio,35/5720
Carla Rodriguez,UFABC,168/2764
Carla Taciana,UFPE,06/4462
Carla Westphall,UFSC,w/CarlaMerkleWestphall
Carlos Alberto Vieira Campos,UNIRIO,168/4968
Carlos Alberto da Silva,UFMS,168/9632
Carlos Alberto de Jesus Martinhon,UFF,99/10
Carlos Alexandre Barros de Mello,UFPE,48/6569
Carlos Augusto Martins,PUC Minas,00/5521
Carlos Becker Westphall,UFSC,b/CarlosBeckerWestphall
Carlos Camarao,UFMG,27/4510
Carlos Eduardo da Silva,UFRN,78/7056
Carlos Ferraz,UFPE,28/6307
Carlos Ferreira,IME/USP,46/263
Carlos Figueiredo,UEA,23/2973
Carlos Henrique Costa Ribeiro,ITA,22/5107
Carlos Kamienski,UFABC,74/2714
Carlos Lopes,UFU,87/2415
Carlos Lucena,PUC-Rio,l/CarlosJosePereiradeLucena
Carlos Maziero,UFPR,m/CarlosMaziero
Carlos Olarte,UFRN,o/CarlosOlarte
Carlos Silla,PUC-PR,38/3598
Carmem Hara,UFPR,26/3914
Cecilia Baranauskas,UNICAMP,b/MCCBaranauskas
Cecilia Rubira,UNICAMP,80/5752
Celia Ralha,UnB,09/2442
Celina de Figueiredo,COPPE/UFRJ,09/5415
Celio Vinicius Neves de Albuquerque,UFF,40/809
Celmar Guimaraes da Silva,UNICAMP,86/1791
Celso Kaestner,UTFPR,53/5358
Celso Massaki Hirata,ITA,h/CelsoMassakiHirata
Celso Ribeiro,UFF,26/4167
Celso Saibel Santos,UFES,s/CelsoAlbertoSaibelSantos
Cesar Augusto Fonticielha De Rose,PUC-RS,95/5199
Cesar Marcondes,UFSCar,78/6648
Cesar Pozzer,UFSM,69/4107
Cesar Tacla,UTFPR,75/4008
Christian Rothenberg,FEEC/UNICAMP,70/2654
Christiane Neme Campos,UNICAMP,65/1977
Christiane von Wangenheim,UFSC,w/ChristianeGressevonWangenheim
Christiano Braga,UFF,b/ChristianoBraga
Christina Chavez,UFBA,c/ChristinavonFlachGChavez
Cid Carvalho de Souza,UNICAMP,42/819
Clarisse de Souza,PUC-Rio,09/2802
Claudia Bauzer Medeiros,UNICAMP,m/CBMedeiros
Claudia Cappelli,UNIRIO,20/5813
Claudia Galarda Varassin,UFES,139/3978
Claudia Lage Rebello da Motta,NCE/UFRJ,19/3129
Claudia Linhares Sales,UFC,08/5881
Claudia Nalon,UnB,61/6528
Claudia Werner,COPPE/UFRJ,w/CMLWerner
Claudine Badue,UFES,12/97
Claudio Amorim,COPPE/UFRJ,05/439
Claudio Campelo,UFCG,77/3901
Claudio Esperanca,COPPE/UFRJ,68/813
Claudio Geyer,UFRGS,b/ClaudioFernandoResinGeyer
Claudio Jung,UFRGS,07/5754
Claudio Sant’Anna,UFBA,64/4218
Claudio Toledo,ICMC/USP,07/5259
Claudson Bornstein,DCC/UFRJ,93/6594
Cleber Zanchettin,UFPE,75/5629
Cleidson Souza,UFPA,29/7640
Cleo Billa,UFRGS,50/2400
Clodis Boscarioli,UNIOESTE,97/993
Clodoaldo Lima,EACH/USP,34/4377
Clodoveu Davis,UFMG,d/ClodoveuADavis
Credine de Menezes,UFRGS,58/7028
Creto Vidal,UFC,85/3970
Cristian Cechinel,UFPEL,50/8769
Cristiana Bentes,UERJ,b/CristianaBentes
Cristiano Arbex Valle,UFMG,21/2276
Cristiano Both,UFCSPA,193/5671
Cristiano Costa,Unisinos,14/3505
Cristiano Maciel da Silva,UFSJ,147/1083
Cristiano Maciel,UFMT,62/5474
Cristina Boeres,UFF,89/6061
Cristina Ciferri,ICMC/USP,13/4069
Cristina Fernandes,IME/USP,58/4840
Cristina Meinhardt,FURG,38/1116
Dalton Guerrero,UFCG,g/DaltonSereyGuerrero
Daltro Nunes,UFRGS,15/1379
Daniel Batista,IME/USP,20/833
Daniel Carlos Guimaraes Pedronette,UNESP,49/1183
Daniel Carvalho da Cunha,UFPE,60/1415
Daniel Cordeiro,EACH/USP,50/6986
Daniel Fernandes Macedo,UFMG,74/2460
Daniel Figueiredo,COPPE/UFRJ,46/4473
Daniel Guidoni,UFSJ,86/4704
Daniel Kaster,UEL,k/DanielSKaster
Daniel Menasche,DCC/UFRJ,44/4915
Daniel Morgato Martin,UFABC,27/8050
Daniel Osaku,UFSCar,77/10105
Daniel Paiva,UFF,152/5755
Daniel Schwabe,PUC-Rio,s/DanielSchwabe
Daniel de Oliveira,UFF,68/7553-1
Daniela Cascini,CEFET-MG,46/6031
Daniela Leal Musa,UFSP,61/1183
Daniela Trevisan,UFF,t/DanielaGorskiTrevisan
Danielo Gomes,UFC,136/0694
Danilo Sanches,UTFPR,72/7665
Dante Augusto Couto Barone,UFRGS,25/6710
Dario Aloise,UERN,80/297
Darlinton Carvalho,UFSJ,25/9066
David Martins,UFABC,89/3723
David Menotti,UFPR,10/2834
David Moises Santos,UEFS,173/1717
Davidson Cury,UFES,157/9229
Debora Nascimento,UFS,38/6789
Denilson Pereira,UFLA,87/1434
Denio Mariz Sousa,IFPB,79/7551
Denis Fernando Wolf,ICMC/USP,97/3033
Denis Maua,IME/USP,53/10263
Denise Goya,UFABC,164/3322
Denise Stringhini,UNIFESP,88/2471
Diana Adamatti,FURG,87/4374
Diana Sasaki Nobrega,UERJ,03/9926
Diego Amancio,ICMC/USP,72/10670
Diego Antunes,UTFPR,45/10090
Diego Aranha,UNICAMP,75/5361
Diego Dermeval,UFAL,50/365
Diego Gimenez Passos,UFF,47/4581
Dilson Lucas Pereira,UFLA,80/4607
Dinani Amorim,UEBA,80/2986
Divanilson Campelo,UFPE,76/5873
Djamel Sadok,UFPE,s/DjamelSadok
Dorgival Guedes,UFMG,n/DorgivalOlavoGuedesNeto
Douglas Guimaraes Macharet,UFMG,23/7609
Douglas Macedo,UFSC,02/3971
Douglas Rodrigues,UFSCar,43/10170
Duncan Ruiz,PUC-RS,22/1939
Ecivaldo Matos,UFBA,135/2636
Eder Mateus Goncalves,UFRG,58/4651
Edilson Ferneda,UCB,01/5579
Edison Pignaton de Freitas,UFRGS,96/3201
Edleno de Moura,UFAM,m/EdlenoSilvadeMoura
Edmundo Madeira,UNICAMP,m/EdmundoRobertoMauroMadeira
Edmundo de Souza e Silva,COPPE/UFRJ,96/5137
Edna Barros,UFPE,48/6034
Edna Dias Canedo,UnB,118/8796
Edson Borin,UNICAMP,55/608
Edson Caceres,UFMS,c/EdsonCaceres
Edson Matsubara,UFMS,66/2176
Edson Oliveira Jr,UEM,166/2179
Edson Pimentel,UFABC,08/2464
Edson Prestes e Silva,UFRGS,38/4107
Eduardo Alchieri,UnB,06/2528
Eduardo Almeida,UFBA,a/EduardoSantanadeAlmeida
Eduardo Antonio Guimaraes Tavares,UFPE,t/EduardoTavares
Eduardo Aranha,UFRN,31/1490
Eduardo Candido Xavier,UNICAMP,00/4728
Eduardo Cerqueira,UFPA,18/4139
Eduardo Feitosa,UFAM,37/8061
Eduardo Figueiredo,UFMG,03/335
Eduardo Guerra,ITA,126/5953
Eduardo Nakamura,UFAM,86/0
Eduardo Ogasawara,CEFET-RJ,24/788
Eduardo Sany Laber,PUC-Rio,49/5557
Eduardo Todt,UFPR,91/2657
Edward Hermann Haeusler,PUC-Rio,93/6371
Edward Moreno,UFS,m/EdwardDMoreno
Eiji Adachi Barbosa,IMD/UFRN,47/10086
Elaine Oliveira,UFAM,193/1016
Elaine Pimentel,UFRN,53/5809
Elaine Ribeiro de Faria,UFU,79/1997
Elaine Sousa,ICMC/USP,91/5321
Elder Cirilo,UFSJ,49/1805
Eliane Martins,UNICAMP,35/5134
Eliane Pozzebon,UFSC,57/4546
Elias Duarte,UFPR,02/3940
Elisa Yumi Nakagawa,ICMC/USP,67/5214
Eliseo Reategui,UFRGS,44/2777
Elizabeth Furtado,UNIFOR,55/6805
Elizabeth Goldbarg,UFRN,g/EFGouveaGoldbarg
Elizabeth Wanner,CEFET-MG,63/1340
Ellen Barbosa,ICMC/USP,66/2060
Emerson Paraiso,PUC-PR,33/4345
Emilio Francesquini,UFABC,121/4593
Eraldo Fernandes,UFMS,25/7930
Erickson Rangel do Nascimento,UFMG,92/7785
Ernesto Birgin,IME/USP,21/829
Esdras Medeiros,UFC,76/4385
Esteban Clua,UFF,59/5772
Estevam Hruschka,UFSCar,h/EstevamRHruschka
Eunice Nunes,UFMT,56/8926
Evandro Costa,UFAL,04/6610
Ezequiel Roberto Zorzal,UNIFESP,42/6370
Fabiano Dorca,UFU,10/4098
Fabiano Ferrari,UFSCar,48/5007
Fabiano Passuelo Hessel,PUC-RS,33/5648
Fabiano Silva,UFPR,78/6175
Fabio Augusto Faria,UNIFESP,10/10071
Fabio Cappabianco,UNIFESP,22/6341
Fabio Costa,UFG,01/6284
Fabio Cozman,POLI/USP,g/FabioGagliardiCozman
Fabio Ferrentini Sampaio,NCE/UFRJ,150/7788
Fabio Kepler,UFPAMPA,181/7121
Fabio Kon,IME/USP,k/FabioKon
Fabio Luiz Usberti,UNICAMP,37/7058
Fabio Mascarenhas,DCC/UFRJ,80/5193
Fabio Porto,LNCC,p/FabioPorto
Fabio Protti,UFF,61/2851
Fabio Q. B. da Silva,UFPE,66/5081
Fabio Verdi,UFSCar,128/6886
Fabiola Greve,UFBA,16/2607
Fabricio Benevenuto,UFMG,90/2878
Fabricio Breve,UNESP,70/3284
Fabricio Enembreck,PUC-PR,90/6263
Fabricio Martins Lopes,UTFPR,32/4623
Fabricio Olivetti de Franca,UFABC,92/5258
Fabricio Siqueira Benevides,UFC,28/7614
Fatima Duarte-Figueiredo,PUC Minas,50/5327
Fatima Nunes,EACH/USP,87/8751
Felipe Franca,COPPE/UFRJ,f/FelipeMaiaGalvaoFranca
Felipe Meneguzzi,PUC-RS,10/985
Fernanda Alencar,UFPE,31/5316
Fernanda Baiao,UNIRIO,b/FAraujoBaiao
Fernanda Campos,UFJF,30/3085
Fernanda Kastensmidt,UFRGS,l/FGdLimaKastensmidt
Fernanda Lima,UnB,20/5847
Fernando Castor,UFPE,f/FCFilho
Fernando Dotti,PUC-RS,22/512
Fernando Figueira Filho,UFRN,27/902
Fernando Gehm Moraes,PUC-RS,m/FernandoGehmMoraes
Fernando Marson,Unisinos,82/9315
Fernando Osorio,ICMC/USP,00/5455
Fernando Paulovich,ICMC/USP,63/3726
Fernando Pereira,UFMG,p/FMQPereira
Fernando Trinta,UFC,126/6814
Fernando Von Zuben,FEEC/UNICAMP,76/1954
Flavia Bernardini,UFF,88/5413
Flavia Delicato,DCC/UFRJ,88/4289
Flavia Santoro,UNIRIO,33/6173
Flavio Figueiredo,UFMG,98/7536
Flavio Keidi Miyazawa,UNICAMP,m/FlavioKeidiMiyazawa
Flavio Rech Wagner,UFRGS,/r/FlavioRechWagner
Flavio Rech Wagner,UFRGS,r/FlavioRechWagner
Flavio Soares Correa da Silva,IME/USP,52/550
Flavio Tonidandel,FEI,32/2417
Francicleber Ferreira,UFC,92/87
Francisco Heron de Carvalho,UFC,32/1402
Francisco Sant'Anna,UERJ,16/7375
Francisco Tenorio de Carvalho,UFPE,65/6740
Francisco Vilar Brasileiro,UFCG,b/FranciscoVilarBrasileiro
Fred Freitas,UFPE,94/2962
Frederick van Amstel,PUC-PR,87/5849
Frederico Durao,UFBA,22/4396
Gabriel Luca Nazar,UFRGS,18/9853
Gabriel Silva,DCC/UFRJ,99/10450
Geber Ramalho,UFPE,13/3685
Genaina Rodrigues,UnB,34/64
George Cavalcanti,UFPE,57/458
George Teodoro,UnB,78/87
Geraldo Robson Mateus,UFMG,20/1803
Gerberth Adin Ramirez Rivera,UNICAMP,85/9834
Germana Nobrega,UnB,17/1217
Germano Vasconcelos,UFPE,68/801
Gerson Geraldo Cavalheiro,UFPEL,c/GGHCavalheiro
Gerson Zaverucha,COPPE/UFRJ,53/3165
Giancarlo Guizzardi,UFES,11/78
Gilberto Camara,INPE,76/5209
Gilda Bernardino de Campos,PUC-Rio,71/3775
Gilson Giraldi,LNCC,05/6423
Gina Maira Oliveira,UFU,87/6472
Giordano Cabral,UFPE,51/2005
Gisele Pappa,UFMG,59/701
Giseli Lopes,DCC/UFRJ,21/8385
Glaucia Braga e Silva,UFV,15/8144
Glauco Carneiro,UNIFACS,93/3808
Gleison Santos,UNIRIO,78/2800
Gracaliz Dimuro,FURG,79/36
Guido Araujo,UNICAMP,a/GuidoAraujo
Guilherme Avelino,UFPI,167/4627
Guilherme Barreto,UFC,72/3054
Guilherme Maia,UFMG,97/7509
Guilherme Oliveira Mota,UFABC,204/5903
Guilherme Pimentel Telles,UNICAMP,71/2226
Guilherme Sousa Bastos,UNIFEI,166/2034
Guilherme Travassos,COPPE/UFRJ,t/GuilhermeTravassos
Guillermo Camara Chavez,UFOP,147/6674
Gustavo Batista,ICMC/USP,85/1649
Gustavo Carvalho,UFPE,44/3540
Gustavo Figueiredo,UFBA,118/4005
Gustavo Gimenez Lugo,UTFPR,l/GustavoGimenezLugo
Gustavo Pavani,UFABC,79/2008
Gustavo Pessin,ITV,59/7537
Gustavo Pinto,UFPA,36/11116-1
Gustavo Teodoro Laureano,UFG,130/6472
Hansenclever Bassani,UFPE,93/6335
Haroldo Gambini Santos,UFOP,86/1473
Heiko Hornung,UNICAMP,32/9821
Heitor Costa,UFLA,42/7676
Heitor Ramos,UFMG,36/7384
Heitor Silverio Lopes,UFTPR,l/HeitorSilverioLopes
Helena Caseli,UFSCar,15/2653
Helio Lopes,PUC-Rio,25/6137
Helio Pedrini,UNICAMP,60/2361
Heloisa Camargo,UFSCar,28/2620
Heloise Manica Paris Teixeira,UEM,205/3319
Hemerson Pistori,UCDB,p/HemersonPistori
Henrique Cota de Freitas,PUC Minas,13/4670
Henrique Mongelli,UFMS,12/2927
Henrique Rebelo,UFPE,27/5017
Hermano Moura,UFPE,03/6598
Hermes Senger,UFSCar,23/4124
Horacio Hideki Yanasse,UNIFESP,42/2992
Horacio Oliveira,UFAM,14/5675
Hugo Fuks,PUC-Rio,21/5671
Humberto Marques,PUC Minas,49/2329
Humberto Rezente,UFU,86/470
Hyggo Almeida,UFCG,76/859
Ig Ibert Bittencourt,UFAL,11/2860
Igor Machado Coelho,UERJ,89/8466
Igor Moraes,UFF,32/6032
Igor Steinmacher,UTFPR,70/3474
Igor Wiese,UTFPR,06/10439
Ilana Concilio,MACKENZIE,138/9615
Ildeberto Rodello,FEARP/USP,07/1984
Ingrid Monteiro,UFC,92/9821
Ingrid Oliveira,UFRGS,48/5352
Isabel Nunes,UFRN,151/4297
Isabel Rosseti,UFF,42/6628
Isabela Gasparini,UDESC,83/667
Islene Garcia,UNICAMP,28/3853
Ismar Frango Silveira,UNICSUL,19/5780
Italo Cunha,UFMG,80/186
Itana Gimenes,UEM,87/4940
Ivan Machado,UFBA,33/9369
Ivandre Paraboni,EACH/USP,99/6191
Jacir Bordim,UnB,23/5009
Jacob Scharcanski,UFRGS,s/JacobScharcanski
Jacques Wainer,UNICAMP,73/4164
Jaelson Castro,UFPE,c/JBdCastro
Jair Leite,UFRN,16/4360
Jairo Panetta,ITA,39/5694
Jano Moreira de Souza,COPPE/UFRJ,m/JMoreiradeSouza
Jauvane Oliveira,LNCC,119/3654
Javam Machado,UFC,12/3896
Jayme Szwarcfiter,COPPE/UFRJ,74/1053
Jean Martina,UFSC,24/765
Jefersson dos Santos,UFMG,53/900
Jefferson Magalhaes,UFPA,88/2496
Jefferson Souza,UFU,72/7359
Jeroen Graaf,UFMG,27/6925
Jesus Mena Chalco,UFABC,86/8870
Jo Ueyama,ICMC/USP,68/1201
Joao Alcantara,UFC,11/4116
Joao Bertini,FT/UNICAMP,25/2752
Joao Comba,UFRGS,c/JoaoLuizDihlComba
Joao Eduardo Ferreira,IME/USP,69/279
Joao Fabro,UTFPR,02/6407
Joao Gluz,Unisinos,55/3847
Joao Luiz Bernardes Junior,EACH/USP,204/2137
Joao Marcos de Almeida,UFRN,00/3290-1
Joao Meidanis,UNICAMP,/m/JoaoMeidanis
Joao Paixao,DCC/UFRJ,60/10141
Joao Paulo Almeida,UFES,91/3408
Joao Paulo Gois,UFABC,61/6783
Joao Paulo Papa,UNESP,96/3441
Joao Paulo Pordeus Gomes,UFC,163/4376
Joao Paulo Silva do Monte Lima,UFRPE,139/8825
Joao Vicente Ferreira Lima,UFSM,182/1206
Joaquim Cavalcante,UFC,66/895
Joaquim Celestino,UECE,97/7714
Joel Rodrigues,Inatel,25/3419
Joice Otsuka,UFSCar,94/1828
Jomi Hubner,UFSC,h/JomiFredHubner
Jonathan de Andrade Silva,UFMS,31/1395
Joni da Silva Fraga,UFSC,14/4748
Jonice Oliveira,DCC/UFRJ,o/JoniceOliveira
Jorge Figueiredo,UFCG,06/3004
Jorge Luis Victoria Barbosa,Unisinos,72/3050
Jorge Stolfi,UNICAMP,20/5139
Jose Alfredo Ferreira Costa,UFRN,51/4829
Jose Antonio Fernandes de Macedo,UFC,f/JAFernandesdeMacedo
Jose Augusto Baranauskas,FFCLRP/USP,50/5944
Jose Carlos Maldonado,ICMC/USP,28/2292
Jose De Souza,UFC,59/1568
Jose Fernando Rodrigues Junior,ICMC/USP,r/JoseFernandoRodriguesJr
Jose Ferreira de Rezende,COPPE/UFRJ,r/JoseFerreiradeRezende
Jose Francisco Netto,UFAM,152/1696
Jose Guilherme Santa Rosa,UFRN,131/9179
Jose Gustavo Paiva,UFU,40/10398
Jose Luis Guntzel,UFSC,04/3287
Jose Marcos Nogueira,UFMG,n/JoseMarcosSNogueira
Jose Maria David,UFJF,63/4089
Jose Neuman de Souza,UFC,02/4334
Jose Palazzo de Oliveira,UFRGS,o/JosePalazzoMoreiradeOliveira
Jose Remo Brega,UNESP,76/2398
Jose Suruagy Monteiro,UFPE,76/2855
Jose Valdeni De Lima,UFRGS,l/JVdeLima
Jose Viterbo,UFF,15/374
Judith Kelner,UFPE,10/1554
Jugurta Lisboa Filho,UFV,l/JugurtaLisboaFilho
Juliana Bueno,UFPR,56/2304
Juliana Kaizer Vizzotto,UFSM,21/1450
Juliana Valerio,DCC/UFRJ,51/9754
Juliano Iyoda,UFPE,72/4526
Julio Cesar Nievola,PUC-PR,62/6863
Julio Cesar Silva Araujo,UFC,21/8045
Julio Dos Reis,UNICAMP,71/7193
Julio Leite,PUC-Rio,l/JCSdoPradoLeite
Julio Lopez Hernandez,UNICAMP,/l/JulioLopezHernandez
Junia Coutinho Anacleto Silva,UFSCar,a/JuniaCoutinhoAnacletoSilva
Junior Barrera,IME/USP,96/271
Jurandy Almeida,UNIFESP,30/2806
Jussara Almeida,UFMG,34/5480
Kalinka Castelo Branco,ICMC/USP,05/5676
Kamila Rodrigues,ICMC/USP,135/0936
Karin Becker,UFRGS,00/3080
Karina Mochetti,UFF,72/7881
Karina Valdivia Delgado,IME/USP,30/6146
Kate Revoredo,UNIRIO,67/1904
Kecia Ferreira,CEFET-MG,121/2557
Kelvin Lopes Dias,UFPE,09/4470
Kiev Gama,UFPE,46/3866
Laercio Pilla,UFSC,75/2582
Lasaro Camargos,UFU,54/1243
Laura Sanchez Garcia,UFPR,58/488
Laurence Amaral,UFU,09/8570
Leandro Balby Marinho,UFCG,59/4973
Leandro Fernandes,UFF,48/5542
Leandro Marzulo,UERJ,61/997
Leandro Villas,UNICAMP,64/7382
Lehilton Pedrosa,UNICAMP,117/0708
Leila Ribeiro,UFRGS,r/LeilaRibeiro
Leila Silva,UFS,26/5446
Leliane Nunes de Barros,IME/USP,51/6275
Leobino Sampaio,UFBA,56/3926
Leonardo Barbosa,UFMG,22/175
Leonardo Cunha de Miranda,UFRN,78/137
Leonardo Fagundes,UVRS,99/217
Leonardo Montecchi,UNICAMP,30/2196
Leonardo Murta,UFF,25/3645
Leonardo Sampaio Rocha,UECE,153/4515
Leonardo Torok,UFF,156/7125
Leonardo da Rocha,UFSJ,89/1792
Leonelo Almeida,UTFPR,15/289
Leonidas Brandao,IME/USP,22/6910
Leopoldo Teixeira,UFPE,62/8372
Leticia Peres,UFPR,168/7362
Leticia Rittner,FEEC/UNICAMP,36/2977
Li Weigang,UnB,l/WeigangLi
Liane Tarouco,UFRGS,20/369
Liliane Machado,UFPB,59/735
Lincoln Rocha,UFC,31/6913
Linnyer Ruiz,UEM,76/825
Liria Sato,POLI/USP,94/109
Lisandra Fontoura,UFSM,57/1983
Lisandro Zambenedetti Granville,UFRGS,52/4475
Loana Tito Nogueira,UFF,79/4445
Loic Cerf,UFMG,43/3578
Lubia Vinhas,INPE,65/3437
Lucas Schnorr,UFRGS,57/3743
Lucas Wanner,UNICAMP,w/LucasFranciscoWanner
Lucelene Lopes,PUC-RS,87/8008
Luci Pirmez,NCE/UFRJ,32/4359
Lucia Catabriga,UFES,130/0787
Lucia Drummond,UFF,41/2824
Lucia Maziero,PUC-PR,78/1535
Luciana Buriol,UFRGS,b/LucianaSBuriol
Luciana Foss,UFPEL,24/37
Luciana Lourdes Silva,IFMG,93/9384
Luciana Porcher Nedel,UFRGS,60/2597
Luciana Salgado,UFF,15/7693
Luciana Zaina,UFSCar,71/8694
Luciano Araujo,EACH/USP,97/6041
Luciano Barbosa,UFPE,80/468
Luciano Digiampietri,EACH/USP,09/6587
Luciano Gaspary,UFRGS,g/LPGaspary
Luciano Silva,UFPR,69/2301
Luciano Soares,Insper,18/1580
Lucidio Formiga Cabral,UFPB,92/2618
Lucila Ishitani, PUC Minas,67/564
Lucilia Figueiredo,UFOP,79/1464
Lucineia Heloisa Thom,UFRGS,29/181
Luerbio Faria,UERJ,62/1933
Luidi Simonetti,COPPE/UFRJ,24/7061
Luigi Carro,UFRGS,25/5214
Luis Antonio Kowada,UFF,54/4829
Luis Carlos De Bona,UFPR,78/3197
Luis Fabricio Goes,PUC Minas,49/3151
Luis Gustavo Nonato,ICMC/USP,59/17
Luis Henrique Costa,COPPE/UFRJ,51/7019
Luis Lamb,UFRGS,l/LCLamb
Luis Marti Orosa,UFF,46/4895
Luis Penaranda,DCC/UFRJ,162/0135
Luis Valente,UFF,10/2404
Luis Zarate,PUC Minas,05/1768
Luiz Andre Paes Leme,UFF,75/6273
Luiz Carlos Albini,UFPR,78/5871
Luiz Chaimowicz,UFMG,c/LuizChaimowicz
Luiz Eduardo Buzato,UNICAMP,02/1987
Luiz Eduardo Soares Oliveira,UFPR,o/LuizSOliveira
Luiz Fernando Bittencourt,UNICAMP,76/6740
Luiz Fernando Coletta,UNESP,00/8451
Luiz Filipe Vieira,UFMG,41/3075
Luiz Gonzaga,Unisinos,133/7509
Luiz Henrique Merschmann,UFLA,80/1853
Luiz Henrique de Figueiredo,IMPA,92/7002
Luiz Marcos Goncalves,UFRN,90/6529
Luiz Martins,UFU,53/7538
Luiz Merkle,UTFPR,57/4815
Luiz Satoru Ochi,UFF,o/LuizSatoruOchi
Luiza Mourelle,UERJ,20/999
Magali Longhi,UFRGS,48/11225
Magda Bercht,UFRGS,60/11212
Magnos Martinello,UFES,15/1775
Manoel Bezerra Campelo Neto,UFC,65/3124
Manoel Eusebio de Lima,UFPE,63/3816
Manoel Mendonca,UFBA,m/ManoelGMendonca
Manoela Milena Oliveira da Silva,UFPE,140/9463
Manuel Oliveira,UFRGS,o/MMOliveira
Marcel Oliveira,UFRN,15/2751
Marcel William Rocha da Silva,UFRRJ,23/8970
Marcela Ribeiro,UFSCar,82/2917
Marcelle Mota,UFPA,182/3135
Marcello Thiry,UNIVALI,78/176
Marcelo Albertini,UFU,61/6050
Marcelo Bergamaschi,IFSP,152/1710
Marcelo Chaim,EACH/USP,82/201
Marcelo Fantinato,EACH/USP,83/468
Marcelo Finger,IME/USP,50/3312
Marcelo Guimaraes,UNIFESP,94/7698
Marcelo Hashimoto,Insper,72/7271
Marcelo Henriques Carvalho,UFMS,40/922
Marcelo Hounsell,UDESC,10/10271
Marcelo Lobosco,UFJF,09/5624
Marcelo Maia,UFU,97/4668
Marcelo Morandini,EACH/USP,67/2834
Marcelo Oliveira Johann,UFRGS,j/MarceloOJohann
Marcelo Pimenta,UFRGS,p/MarceloSoaresPimenta
Marcelo Rubinstein,UERJ,00/4946
Marcelo Schots,IME/RJ,08/9051
Marcelo Walter,UFRGS,79/1265
Marcelo Zanchetta do Nascimento,UFU,22/5828
Marcelo d'Amorim,UFPE,16/608
Marcia Fampa,COPPE/UFRJ,57/5836
Marcia Fernandes,UFU,88/7436
Marcia Lucena,UFRN,47/3088
Marcia Notare,UFRGS,39/6246
Marcia Pasin,UFSM,141/6166
Marcia Rosana Cerioli,DCC/UFRJ,05/4738
Marcia de Borba Campos,PUC-RS,131/8247
Marcio Barros,UNIRIO,36/2479
Marcio Basgalupp,UNIFESP,57/1607
Marcio Castro,UFSC,39/6633
Marcio Cornelio,UFPE,03/3763
Marcio Delamaro,ICMC/USP,84/3153
Marcio Dorn,UFRGS,58/4634
Marcio Pinho,PUC-RS,20/700
Marcio Ribeiro,UFAL,r/MarcioRibeiro
Marco Antonio Casanova,PUC-Rio,c/MarcoACasanova
Marco Aurelio Wehrmeister,UTFPR,60/2173
Marco Goldbarg,UFRN,g/MarcoCesarGoldbarg
Marco Graciotto Silva,UTFPR,26/693
Marco Molinaro,PUC-Rio,88/4732
Marco Tulio Valente,UFMG,o/MarcoTuliodeOliveiraValente
Marcone Souza,UFOP,26/4
Marcos Alexandre Silva,UFSM,98/5323
Marcos Andre Goncalves,UFMG,45/1395
Marcos Augusto dos Santos,UFMG,62/10225
Marcos Kalinowski,PUC-Rio,38/3792
Marcos Lage,UFF,46/4560
Marcos Quiles,UNIFESP,70/1985
Marcos Roberto Silva Borges,DCC/UFRJ,99/2500
Marcos Seruffo,UFPA,129/9669
Marcos Simplicio Jr,POLI/USP,79/2420
Marcos Vieira,UFMG,11/6979
Marcos Wagner Souza Ribeiro,UFG,134/0864
Marcus Poggi,PUC-Rio,63/4961
Marcus Ritt,UFRGS,86/7006
Maria Andreia Rodrigues,UNIFOR,56/6060
Maria Augusta Netto Nunes,UFS,29/1494
Maria Camila Barioni,UFU,37/2450
Maria Claudia Boeres,UFES,31/2757
Maria Claudia Cavalcanti,IME/RJ,c/MariaClaudiaReisCavalcanti
Maria Claudia Emer,UTFPR,46/1237
Maria Clicia Castro,UERJ,27/2301
Maria Cristina Ferreira Oliveira,ICMC/USP,57/1706
Maria Cristina Rangel,UFES,202/5120
Maria Emilia Telles Walter,UnB,84/2668
Maria Graca Campos Pimentel,ICMC/USP,18/2858
Maria Nascimento,UNIFESP,94/7230
Maria Villela,UFVSJM,135/0836
Maria do Carmo Nicoletti,UFSCar,65/4419
Mariana Kolberg,UFRGS,99/6576
Mariana Recamonde Mendoza,UFRGS,81/9882
Mariano Pimentel,UNIRIO,70/6943
Marilia Amaral,UTFPR,193/1020
Marilia Mendes,UFC,91/5328
Marilton Aguiar,UFPEL,02/284
Marinho Barcellos,UFRGS,b/MarinhoPBarcellos
Mario Antonio Ribeiro Dantas,UFSC,d/MarioARDantas
Mario Benevides,DCC/UFRJ,29/5198
Mario Fernando Montenegro Campos,UFMG,70/4227
Mario Lemes Proenca,UEL,46/6747
Mario Sergio Alvim,UFMG,84/8371
Maristela Holanda,UnB,20/1662
Maristela Santos,ICMC/USP,50/8057
Mariza Bigonha,UFMG,91/739
Marjory Abreu,UFRN,18/7422
Markus Endler,PUC-Rio,e/MarkusEndler
Marley Vellasco,PUC-Rio,v/MMBRVellasco
Marta Mattoso,COPPE/UFRJ,m/MartaLQueirosMattoso
Martin Musicante,UFRN,72/5025
Matheus Gaudencio,UFCG,65/9560
Mauricio Ayala Rincon,UnB,56/538
Mauricio Pamplona Segundo,UFBA,85/6254
Mauricio Pilla,UFPEL,06/5321
Mauro Antonio Rincon,DCC/UFRJ,32/2222
Mauro Fonseca,UTFPR,37/786
Maxwell Guimaraes Oliveira,UFCA,122/4758
Maycon Peixoto,UFBA,94/4865
Michael Stanton,RNP,55/2686
Michele Nogueira,UFPR,22/4022
Michelle Wangham,UNIVALI,82/6811
Miguel Campista,COPPE/UFRJ,02/4935
Miguel Castro,UFC,37/3973
Milene Silveira,PUC-RS,38/1199
Mirella Moro,UFMG,m/MirellaMouraMoro
Mitre Costa Dourado,DCC/UFRJ,51/4736
Moacir Ponti,ICMC/USP,69/5836
Moises Ribeiro,UFES,20/1896
Monalessa Barcellos,UFES,97/7540
Murillo Carneiro,UFU,116/9887
Murilo Naldi,UFSCar,07/3376
Myriam Delgado,UTFPR,80/3289
Nabor Mendonca,UNIFOR,79/4708
Nadia Nedjah,UERJ,n/NadiaNedjah
Nalvo Franco de Almeida,UFMS,09/2799
Natasha Valentim,UFAM,135/0795
Nazareno Andrade,UFCG,14/1054
Nelio Cacho,UFRN,39/2172
Nelson Fonseca,UNICAMP,f/NelsonLSdaFonseca
Nelson Maculan,COPPE/UFRJ,94/4688
Nelson Mascarenhas,UFSCar,41/2902
Nelson Neto,UFPA,53/2419
Nelson Rosa,UFPE,r/NelsonSoutoRosa
Newton Spolaor,UNIOESTE,48/9358
Ney Calazans,PUC-RS,c/NeyLVCalazans
Nina Hirata,IME/USP,62/2188
Nivan Ferreira,UFPE,96/10398
Nivio Ziviani,UFMG,z/NZiviani
Noemi Rodriguez,PUC-Rio,95/2066
Olga Bellon,UFPR,26/3892
Olga Goussevskaia,UFMG,53/238
Omar Vilela Neto,UFMG,136/2317
Orlando Lee,UNICAMP,24/3858
Otavio Lemos,UNIFESP,80/3784
Otto Carlos Duarte,COPPE/UFRJ,18/2077
Paola Accioly,UFCA,53/7000
Patricia Jaques,Unisinos,j/PatriciaAugustinJaques
Patricia Machado,UFCG,33/5476
Patricia Ribeiro,UNESP,134/9283
Patricia Tedesco,UFPE,99/8925
Patricia de Souza,UFMT,00/8925
Paulo Adeodato,UFPE,15/5054
Paulo Aguiar,DCC/UFRJ,34/4586
Paulo Andre da Silva Goncalves,UFPE,29/3529
Paulo Augusto Veloso,COPPE/UFRJ,98/4297
Paulo Borba,UFPE,b/PauloBorba
Paulo Butzen,FURG,93/5285
Paulo Costa Carvalho,Fiocruz,07/4920
Paulo Cunha,UFPE,c/PauloRFCunha
Paulo Drews,UFRG,76/7747
Paulo Henrique Fernandes,PUC-RS,f/PauloFernandes
Paulo Henrique Pisani,UFABC,30/9527
Paulo Licio de Geus,UNICAMP,79/4220
Paulo Maciel,UFPE,m/PRMartinsMaciel
Paulo Mattos Neto,UFPE,21/8284
Paulo Miranda,IME/USP,21/5570
Paulo Morelato Franca,UNESP,26/3690
Paulo Pires,DCC/UFRJ,69/1904
Paulo Roberto Ferreira Junior,UFPEL,222/3501
Paulo Roberto Oliveira,COPPE/UFRJ,02/9919
Paulo Santos,FEI,33/5229
Pedro Braconnot Velloso,COPPE/UFRJ,03/2074
Pedro Jussieu de Rezende,UNICAMP,41/3473
Pedro Machado Manhaes de Castro,UFPE,73/7296
Pedro Olmo,UFMG,28/3311
Pedro Santos Neto,UFPI,23/3085
Perfilino Junior,UFBA,195/0855
Petrucio Viana,UFF,00/10258
Philippe Navaux,UFRGS,74/1262
Priscila Saito,UFTPR,129/2351
Priscila Solis,UnB,85/5282
Priscilla Braz,PUC-Rio,130/9701
Puca Huachi Penna,UFOP,25/11483
Rafael Augusto de Melo,UFBA,200/0755
Rafael Bordini,PUC-RS,b/RafaelHBordini
Rafael Esteves,IFRS,35/4648
Rafael Lins,UFPE,44/4611
Rafael Lopes Gomes,UECE,129/0936
Rafael Parpinelli,UDESC,34/5395
Rafael Pasquini,UFU,70/2771
Rafael Prikladnicki,PUC-RS,39/5605
Rafael Rossi,UFMS,82/10167
Rafael Schouery,UNICAMP,196/0126
Rafael Torchelsen,UFPEL,25/7609
Rafael de Sousa Junior,UnB,s/RTdeSousaJ
Raimundo Barreto,UFAM,04/562
Raimundo Macedo,UFBA,m/RJdAMacedo
Raphael Camargo,UFABC,31/4450
Raphael Carlos Machado,INMETRO,83/1163
Raphael Pereira de Oliveira,IFS,75/7435
Raquel Lopes,UFCG,51/3127
Raquel Minardi,UFMG,26/8886
Raquel Mini,PUC Minas,59/3719
Raquel Prates,UFMG,51/3637
Raul Ceretta Nunes,UFSM,76/5337
Raul Wazlawick,UFSC,71/3416
Regina Araujo,UFSCar,10/330
Regina Braga,UFJF,32/9021
Regivan Santiago,UFRN,36/2941
Reinaldo Bianchi,FEI,40/169
Reinaldo Braga,IFCE,36/10735
Renan Cattelan,UFU,73/3186
Renan Maffei,UFRGS,139/3519
Renata Fortes,ICMC/USP,48/6369
Renata Freitas,UFF,88/4243
Renata Galante,UFRGS,37/2418
Renata Maria de Souza,UFPE,18/6809
Renata Reiser,UFPEL,61/2221
Renata Teles Moreira,UFLA,202/8416
Renata Wassermann,IME/USP,w/RenataWassermann
Renato Assuncao,UFMG,130/0513
Renato Ferreira,UFMG,f/RACFerreira
Renato Fileto,UFSC,35/2350
Renato Ishii,UFMS,70/4356
Renato Krohling,UFES,15/931
Renato Perez Ribas,UFRGS,75/4916
Renato Portugal,LNCC,28/6950
Renato Tinos,FFCLRP/USP,86/3910
Renato Vimieiro,UFMG,02/1965
Ricardo Cerri,UFSCar,94/7227
Ricardo Custodio,UFSC,95/6830
Ricardo Dahab,UNICAMP,79/6780
Ricardo Fabbri,UERJ,74/6892
Ricardo Falbo,UFES,32/4078
Ricardo Ferreira,UFV,52/7546
Ricardo Jose Rocha Amorim,UEBA,203/1422
Ricardo Marcacini,UFMS,69/8767
Ricardo Marroquim,COPPE/UFRJ,41/5501
Ricardo Martins de Abreu Silva,UFPE,33/1137-1
Ricardo Massa Ferreira Lima,UFPE,34/3170
Ricardo Oliveira,UFOP,60/3316
Ricardo Prudencio,UFPE,76/1124
Ricardo Reis,UFRGS,r/RAdaLuzReis
Ricardo Rios,UFBA,33/11459
Ricardo Rodrigues Ciferri,UFSCar,58/1079
Ricardo Silveira,UFSC,48/5786
Ricardo Tanscheit,PUC-Rio,58/3416
Ricardo Terra,UFLA,23/5199
Ricardo Torres,UNICAMP,s/RicardodaSilvaTorres
Richard Goncalves,UNICENTRO,53/4018
Rivalino Matias,UFU,06/6499
Roberta Coelho,UFRN,61/561
Roberto Bigonha,UFMG,67/5401
Roberto Bittencourt,UEFS,75/3180
Roberto Cesar Junior,IME/USP,c/RobertoMarcondesCesarJunior
Roberto Hexsel,UFPR,80/5741
Roberto Hirata,IME/USP,94/4977
Roberto Ierusalimschy,PUC-Rio,90/4557
Roberto Imbuzeiro Oliveira,IMPA,51/934
Roberto Lotufo,FEEC/UNICAMP,42/168
Roberto Pereira,UFPR,233/8441
Roberto Quirino Nascimento,UFPB,31/8725
Roberto Souto Barros,UFPE,34/906
Robson Cordeiro,ICMC/USP,84/5092
Robson do Nascimento Fidalgo,UFPE,09/546
Rodolfo Azevedo,UNICAMP,73/1601
Rodolfo Villaca,UFES,31/1899
Rodrigo Barros,PUC-RS,33/1197
Rodrigo Bonifacio,UnB,21/824
Rodrigo Geraldo,UFOP,133/5923
Rodrigo Machado,UFRGS,33/4758
Rodrigo Mello,ICMC/USP,81/6146
Rodrigo Minetto,UFTPR,00/1588
Rodrigo Pereira dos Santos,UNIRIO,57/7989
Rodrigo Righi,Unisinos,33/4917
Rodrigo Seabra,UFEI,185/7663
Rodrigo Zelir Azzolin,UFRG,143/9499
Rodrigo de Souza Couto,COPPE/UFRJ,152/6069
Rodrygo Santos,UFMG,36/1247
Roger Granada,PUC-RS,94/473
Rohit Gheyi,UFCG,10/3240
Romero Tori,POLI/USP,31/1696
Romulo Silva,UNIOESTE,164/4896
Ronaldo Correia,UNESP,24/7636
Ronaldo Ferreira,UFMS,63/3999
Ronaldo Prati,UFABC,34/586
Ronaldo dos Santos Mello,UFSC,82/6647
Ronei Moraes,UFPB,38/4949
Ronnie Alves,UFPA,83/953
Rosa Leao,COPPE/UFRJ,l/RosaMMLeao
Rosa Maria Costa,UERJ,42/2251
Rosa Viccari,UFRGS,v/RosaMariaVicari
Rosana Braga,ICMC/USP,07/4304
Rosane Minghim,ICMC/USP,61/4784
Roseclea Medina,UFSM,92/5611
Roseli Francelin Romero,ICMC/USP,46/3833
Rosiane de Freitas,UFAM,47/7842
Rossana Andrade,UFC,61/6138
Rossana Baptista Queiroz,Unisinos,17/721
Routo Terada,IME/USP,t/RoutoTerada
Rubens Nunes,UFC,17/5134
Rubisley Lemes,UFBA,53/6909
Rudini Menezes Sampaio,UFC,39/1114
Ruy Queiroz,UFPE,q/RuyQueiroz
Sabrina Marczak,PUC-RS,05/6533
Sandra Avila,UNICAMP,97/3954
Sandra Fabbri,UFSCar,75/5829
Sandra Sandri,INPE,13/1353
Sandra Venske,UNICENTRO,64/11443
Sandro Jose Rigo,Unisinos,48/4922
Sandro Rigo,UNICAMP,79/2208
Scheila Martins,PUC Minas,51/8733
Sean Siqueira,UNIRIO,73/4321
Sebastian Alberto Urrutia,UFMG,u/SebastianUrrutia
Seiji Isotani,ICMC/USP,83/1033
Selan dos Santos,UFRN,85/6331
Sergio Antonio Andrade de Freitas,UnB,24/7722
Sergio Bampi,UFRGS,84/5693
Sergio Campos,UFMG,01/2746
Sergio Lifschitz,PUC-Rio,l/SLifschitz
Sergio Soares,UFPE,58/232
Sheila Murgel Veloso,COPPE/UFRJ,93/1467
Sheila Reinehr,PUC-PR,05/2483
Siang Song,IME/USP,s/SiangWunSong
Sidney Lucena,UNIRIO,90/3200
Sidney Nogueira,UFRPE,51/1542
Silvana Rossetto,DCC/UFRJ,52/618
Silvia Amelia Bim,UTFPR,131/8176
Silvia Costa Botelho,UFRG,43/4171
Silvia Maia,FURG do Norte,132/1589
Silvia Moraes,PUC-RS,98/8160
Silvia Vergilio,UFPR,99/4290
Silvio Cazella,UFCSPA,92/1958
Silvio Guimaraes,PUC Minas,08/3856
Simone Bacellar Leal Ferreira,UNIRIO,44/9823
Simone Barbosa,PUC-Rio,b/SDJBarbosa
Simone Cavalheiro,UFPEL,55/10789
Simone Cristiane dos Santos,UFPE,83/2310
Simone Dantas de Souza,UFF,84/5767
Simone Souza,ICMC/USP,35/1622
Simone de Lima Martins,UFF,50/11138
Sinesio Pesco,PUC-Rio,27/5747
Solange Rezende,ICMC/USP,90/5551
Soraia Musse,PUC-RS,92/5311
Soraia Prietch,UFMT,139/7426
Stenio Fernandes,UFPE,09/6789
Sulamita Klein,DCC/UFRJ,79/3504
Taciana Pontual Falcao,UFRPE,10/5013
Tania Centeno,UTFPR,48/6670
Tatiana Tavares,UFPEL,89/3496
Tatiane Nogueira Rios,UFBA,204/6661
Tayana Conte,UFAM,48/5
Teresa Ludermir,UFPE,00/6226
Thais Batista,UFRN,b/TVBatista
Thais Castro,UFAM,88/1084
Thais Webber,UNISC,94/2275
Thales Vieira,UFAL,36/4553
Thelma Colanzi,UEM,84/1707
Thiago Braga Marcilon,UFCA,133/8742
Thiago Noronha,UFMG,43/4309
Thiago Oliveira Santos,UFES,83/9778
Thiago Pardo,ICMC/USP,31/4118
Thiago Porcino,UFF,160/8940
Thiago Silva,UTFPR,42/10062
Thibaut Vidal,PUC-Rio,40/11481
Tiago Almeida,UFSCar,04/2243
Tiago Espinola Ferreira,UFRPE,e/TAEspinolaFerreira
Tiago Ferreto,PUC-RS,78/3004
Tiago Massoni,UFCG,91/4481
Tiago Pereira do Nascimento,UFPB,02/11271
Tiago Primo,UFPEL,34/9982
Tiago da Silva,UNIFESP,78/3343
Toacy Oliveira,COPPE/UFRJ,o/ToacyCavalcantedeOliveira
Tsang Ing Ren,UFPE,98/5344
Ueverton Souza,UFF,48/11143
Uira Kulesza,UFRN,78/6010
Ulrich Schiel,UFCG,93/5607
Umberto Rivieccio,UFRN,18/5028
Vagner Rosa,UFRG,69/4328
Valdinei Freire,EACH/USP,18/527
Valeria Times,UFPE,31/4518
Valmir Barbosa,COPPE/UFRJ,b/ValmirCBarbosa
Valter Camargo,UFSCar,37/1266
Vander Alves,UnB,15/5448
Vanessa Braganholo,UFF,84/2055
Vania Bogorny,UFSC,16/2965
Vania Neris,UFSCar,233/8402
Vaninha Vieira,UFBA,17/535
Vasco Furtado,UNIFOR,17/2960
Vera Lucia Strube de Lima,PUC-RS,94/4959
Vera Werneck,UERJ,13/1668
Veronica Teichrieb,UFPE,12/6264
Victor Stroele,UFJF,88/6600
Vinicius Cassol,Unisinos,28/11115
Vinicius Garcia,UFPE,g/ViniciusCardosoGarcia
Vinicius Mello,UFBA,77/4080
Vinicius Menezes de Oliveira,UFRG,08/2829
Vinicius Pereira,UFMT,54/3748
Vinicius Petrucci,UFBA,80/2060
Vinicius Santos,UFMG,60/9133
Vinod Rebello,UFF,79/247
Virgilio Almeida,UFMG,a/VirgilioAlmeida
Vitor Estevao Silva Souza,UFES,72/3662
Viviane Moreira,UFRGS,o/VivianeMoreiraOrengo
Viviane Silva,UFF,72/2728
Vladimir Iorio,UFV,26/6772
Wagner Meira,UFMG,m/WagnerMeiraJr
Waldemar Celes,PUC-Rio,c/WaldemarCelesFilho
Wellington Santos Martins,UFG,120/9618
Wesley Nunes Goncalves,UFMS,59/1925
Weverton Cordeiro,UFRGS,96/2183
William Giozza,UnB,59/6973
William Schwartz,UFMG,78/6398
Willian Amorim,UFGD,38/10197
Wilson de Oliveira,UFRPE,68/6342
Windson Viana,UFC,54/4813
Yoshiharu Kohayakawa,IME/USP,48/5131
Yoshiko Wakabayashi,IME/USP,49/4632
Yuri Frota,UFF,20/4128
Yuri Nogueira,UFC,70/3011
Yuska Aguiar,UFPB,135/0853
Zanoni Dias,UNICAMP,93/6090
Zhao Liang,FFCLRP/USP,63/5422-1
Christiane Brasil,UFU,11/8671
Flavio Silva,UFU,02/979
Henrique Fernandes,UFU,62/561
Marcos Bueno,UFU,04/8380
Luciano Oliveira,UFBA,79/3141
